"","X.node1","node2","node1_string_id","node2_string_id","neighborhood_on_chromosome","gene_fusion","phylogenetic_cooccurrence","homology","coexpression","experimentally_determined_interaction","database_annotated","automated_textmining","combined_score"
"1","AADACL2","FLG2","9606.ENSP00000348911","9606.ENSP00000373370",0,0,0,0,0.54,0.071,0,0,0.554
"2","ACACB","ARG1","9606.ENSP00000341044","9606.ENSP00000349446",0,0,0,0,0,0,0.431,0,0.43
"3","ACTA1","LCP1","9606.ENSP00000355645","9606.ENSP00000381581",0,0,0,0,0.067,0.967,0,0,0.967
"4","ACTA1","GSN","9606.ENSP00000355645","9606.ENSP00000362924",0,0,0,0,0.059,0.981,0,0,0.981
"5","ADAMDEC1","PLA2G7","9606.ENSP00000256412","9606.ENSP00000274793",0,0,0,0,0.437,0,0,0,0.437
"6","ADAMDEC1","MMP12","9606.ENSP00000256412","9606.ENSP00000458585",0,0,0,0,0.421,0,0,0,0.42
"7","ADAMDEC1","CXCL13","9606.ENSP00000256412","9606.ENSP00000286758",0,0,0,0,0.492,0,0,0,0.491
"8","ADIPOQ","PLIN1","9606.ENSP00000389814","9606.ENSP00000300055",0,0,0,0,0.784,0,0,0,0.784
"9","ADIPOQ","LEP","9606.ENSP00000389814","9606.ENSP00000312652",0,0,0,0,0.683,0,0,0,0.683
"10","ADIPOQ","MLXIPL","9606.ENSP00000389814","9606.ENSP00000320886",0,0,0,0,0.06,0,0.4,0,0.411
"11","ADIPOQ","CIDEC","9606.ENSP00000389814","9606.ENSP00000373328",0,0,0,0,0.488,0,0,0,0.488
"12","AHSP","KRT1","9606.ENSP00000307199","9606.ENSP00000252244",0,0,0,0,0.406,0,0,0,0.406
"13","AHSP","HBB","9606.ENSP00000307199","9606.ENSP00000494175",0,0,0,0,0.335,0,0.72,0,0.806
"14","ALAS2","HBB","9606.ENSP00000497236","9606.ENSP00000494175",0,0,0,0,0.451,0,0,0,0.451
"15","ALDH3B2","AOC3","9606.ENSP00000501254","9606.ENSP00000312326",0,0,0,0,0.079,0.071,0.918,0,0.924
"16","AP1M2","TFRC","9606.ENSP00000465685","9606.ENSP00000376197",0,0,0,0,0,0,0.5,0,0.499
"17","APOE","CALCA","9606.ENSP00000252486","9606.ENSP00000331746",0,0,0,0,0,0,0.5,0,0.499
"18","APOE","LYZ","9606.ENSP00000252486","9606.ENSP00000261267",0,0,0,0,0.079,0,0.5,0,0.52
"19","APOE","MMP10","9606.ENSP00000252486","9606.ENSP00000279441",0,0,0,0,0.056,0.507,0,0,0.514
"20","APOE","MMP3","9606.ENSP00000252486","9606.ENSP00000299855",0,0,0,0,0.056,0.688,0,0,0.693
"21","APOE","GSN","9606.ENSP00000252486","9606.ENSP00000362924",0,0,0,0,0.075,0,0.5,0,0.517
"22","APOE","SDC1","9606.ENSP00000252486","9606.ENSP00000370542",0,0,0,0,0.049,0,0.5,0,0.504
"23","APOE","PLA2G7","9606.ENSP00000252486","9606.ENSP00000274793",0,0,0,0,0.149,0,0.9,0,0.911
"24","APOE","MAPT","9606.ENSP00000252486","9606.ENSP00000340820",0,0,0,0,0.044,0.701,0,0,0.702
"25","ARG1","HAL","9606.ENSP00000349446","9606.ENSP00000261208",0.115,0,0,0,0.645,0,0.42,0,0.802
"26","ASPM","TTK","9606.ENSP00000356379","9606.ENSP00000358813",0,0,0,0,0.912,0,0,0,0.912
"27","AURKA","TTK","9606.ENSP00000216911","9606.ENSP00000358813",0,0,0,0.624,0.676,0.094,0,0,0.694
"28","BCAM","LAMA5","9606.ENSP00000270233","9606.ENSP00000252999",0,0,0,0,0.163,0.615,0,0,0.664
"29","BIRC5","TTK","9606.ENSP00000301633","9606.ENSP00000358813",0,0,0,0,0.826,0,0,0,0.826
"30","BUB1","TTK","9606.ENSP00000302530","9606.ENSP00000358813",0,0,0,0,0.989,0.292,0,0,0.992
"31","CALCA","GSN","9606.ENSP00000331746","9606.ENSP00000362924",0,0,0,0,0,0,0.4,0,0.4
"32","CCL17","IGLL5","9606.ENSP00000219244","9606.ENSP00000431254",0,0,0,0,0.078,0.602,0,0,0.617
"33","CCL19","TNFAIP6","9606.ENSP00000308815","9606.ENSP00000243347",0,0,0,0,0.091,0.405,0,0,0.436
"34","CCL2","IGLL5","9606.ENSP00000225831","9606.ENSP00000431254",0,0,0,0,0.056,0.602,0,0,0.608
"35","CCL2","TNFAIP6","9606.ENSP00000225831","9606.ENSP00000243347",0,0,0,0,0.205,0.405,0,0,0.507
"36","CCL5","TNFAIP6","9606.ENSP00000474412","9606.ENSP00000243347",0,0,0,0,0.101,0.622,0,0,0.646
"37","CCL7","TNFAIP6","9606.ENSP00000367832","9606.ENSP00000243347",0,0,0,0,0.188,0.405,0,0,0.496
"38","CCR5","CD4","9606.ENSP00000292303","9606.ENSP00000011653",0,0,0,0,0.254,0.957,0,0,0.966
"39","CD19","CR2","9606.ENSP00000313419","9606.ENSP00000356024",0,0,0,0,0.465,0.51,0.5,0,0.857
"40","CD2","CD4","9606.ENSP00000358490","9606.ENSP00000011653",0,0,0,0,0.373,0.087,0,0,0.403
"41","CD274","CD4","9606.ENSP00000370989","9606.ENSP00000011653",0,0,0,0,0,0,0.5,0,0.499
"42","CD3D","CD4","9606.ENSP00000300692","9606.ENSP00000011653",0,0,0,0,0.307,0.066,0.9,0,0.929
"43","CD3D","TFRC","9606.ENSP00000300692","9606.ENSP00000376197",0,0,0,0,0.049,0.062,0.4,0,0.418
"44","CD3G","CD4","9606.ENSP00000431445","9606.ENSP00000011653",0,0,0,0,0.137,0,0.9,0,0.91
"45","CD3G","FCGR2A","9606.ENSP00000431445","9606.ENSP00000271450",0,0,0,0,0.067,0,0.4,0,0.416
"46","CD3G","FCGR3A","9606.ENSP00000431445","9606.ENSP00000356946",0,0,0,0,0.078,0,0.8,0,0.807
"47","CD3G","TFRC","9606.ENSP00000431445","9606.ENSP00000376197",0,0,0,0,0,0,0.4,0,0.4
"48","CD4","HLA-DQB2","9606.ENSP00000011653","9606.ENSP00000396330",0,0,0,0,0.139,0.087,0.5,0,0.572
"49","CD4","TFRC","9606.ENSP00000011653","9606.ENSP00000376197",0,0,0,0,0.055,0.096,0.4,0,0.442
"50","CD4","IGLL5","9606.ENSP00000011653","9606.ENSP00000431254",0,0,0,0,0.129,0.8,0,0,0.818
"51","CD4","ITK","9606.ENSP00000011653","9606.ENSP00000398655",0,0,0,0,0.272,0.081,0.5,0,0.636
"52","CD4","HLA-DOB","9606.ENSP00000011653","9606.ENSP00000496848",0,0,0,0,0.148,0.087,0.9,0,0.915
"53","CD4","TRAT1","9606.ENSP00000011653","9606.ENSP00000295756",0,0,0,0,0.146,0,0.9,0,0.91
"54","CD4","IL7R","9606.ENSP00000011653","9606.ENSP00000306157",0,0,0,0,0.182,0,0.4,0,0.488
"55","CD4","HLA-DQA2","9606.ENSP00000011653","9606.ENSP00000364076",0,0,0,0,0.074,0,0.9,0,0.903
"56","CD4","HLA-DPA1","9606.ENSP00000011653","9606.ENSP00000393566",0,0,0,0,0.155,0,0.9,0,0.911
"57","CD4","PTPRC","9606.ENSP00000011653","9606.ENSP00000411355",0,0,0,0,0.276,0.341,0.4,0,0.689
"58","CD4","HLA-DQA1","9606.ENSP00000011653","9606.ENSP00000339398",0,0,0,0,0.086,0,0.9,0,0.904
"59","CD4","HLA-DRA","9606.ENSP00000011653","9606.ENSP00000378786",0,0,0,0,0.151,0.904,0.9,0,0.991
"60","CD4","CD8A","9606.ENSP00000011653","9606.ENSP00000386559",0,0,0,0,0.13,0.098,0.9,0,0.914
"61","CD4","CXCR4","9606.ENSP00000011653","9606.ENSP00000386884",0,0,0,0,0.083,0.535,0,0,0.555
"62","CD44","LAMA5","9606.ENSP00000398632","9606.ENSP00000252999",0,0,0,0,0.044,0,0.9,0,0.9
"63","CD44","MMP7","9606.ENSP00000398632","9606.ENSP00000260227",0,0,0,0,0.093,0.292,0.5,0,0.65
"64","CD44","LEF1","9606.ENSP00000398632","9606.ENSP00000265165",0,0,0,0,0.104,0.422,0,0,0.46
"65","CD44","SELE","9606.ENSP00000398632","9606.ENSP00000331736",0,0,0,0,0.067,0.304,0.5,0,0.647
"66","CD44","LAMC3","9606.ENSP00000398632","9606.ENSP00000354360",0,0,0,0,0,0,0.9,0,0.9
"67","CD44","COL2A1","9606.ENSP00000398632","9606.ENSP00000369889",0,0,0,0,0,0,0.9,0,0.9
"68","CD44","HMMR","9606.ENSP00000398632","9606.ENSP00000377492",0,0,0,0,0,0,0.5,0,0.499
"69","CD44","SPP1","9606.ENSP00000398632","9606.ENSP00000378517",0,0,0,0,0.143,0.369,0.9,0,0.941
"70","CD44","COL9A3","9606.ENSP00000398632","9606.ENSP00000496793",0,0,0,0,0,0,0.9,0,0.9
"71","CD48","LCP1","9606.ENSP00000484431","9606.ENSP00000381581",0,0,0,0,0.397,0.075,0,0,0.418
"72","CD53","LCP1","9606.ENSP00000497382","9606.ENSP00000381581",0,0,0,0,0.659,0,0,0,0.659
"73","CD79A","IGLL5","9606.ENSP00000221972","9606.ENSP00000431254",0,0,0,0,0.353,0.507,0.54,0,0.84
"74","CDC25C","TTK","9606.ENSP00000321656","9606.ENSP00000358813",0,0,0,0,0.665,0,0,0,0.665
"75","CDC6","TTK","9606.ENSP00000209728","9606.ENSP00000358813",0,0,0,0,0.643,0,0,0,0.643
"76","CDCA2","TTK","9606.ENSP00000328228","9606.ENSP00000358813",0,0,0,0,0.834,0,0,0,0.834
"77","CDCA3","TTK","9606.ENSP00000442068","9606.ENSP00000358813",0,0,0,0,0.813,0,0,0,0.813
"78","CDCA5","TTK","9606.ENSP00000275517","9606.ENSP00000358813",0,0,0,0,0.622,0,0,0,0.622
"79","CDH1","KRT1","9606.ENSP00000261769","9606.ENSP00000252244",0,0,0,0,0.049,0.405,0,0,0.409
"80","CDH1","MMP7","9606.ENSP00000261769","9606.ENSP00000260227",0,0,0,0,0.059,0.048,0.4,0,0.415
"81","CDH1","LAD1","9606.ENSP00000261769","9606.ENSP00000375829",0,0,0,0,0.379,0.08,0,0,0.405
"82","CDH1","TGM2","9606.ENSP00000261769","9606.ENSP00000355330",0,0,0,0,0.049,0.405,0,0,0.41
"83","CDH1","RAB25","9606.ENSP00000261769","9606.ENSP00000354376",0,0,0,0,0.421,0.047,0,0,0.425
"84","CDH1","ESRP1","9606.ENSP00000261769","9606.ENSP00000405738",0,0,0,0,0.444,0,0,0,0.444
"85","CDH1","MMP3","9606.ENSP00000261769","9606.ENSP00000299855",0,0,0,0,0,0.048,0.4,0,0.404
"86","CDH1","KLK7","9606.ENSP00000261769","9606.ENSP00000470538",0,0,0,0,0.049,0,0.75,0,0.752
"87","CDK1","LMNB1","9606.ENSP00000378699","9606.ENSP00000261366",0,0,0,0,0.37,0.292,0.4,0,0.709
"88","CDK1","TTK","9606.ENSP00000378699","9606.ENSP00000358813",0,0,0,0.646,0.862,0.099,0,0,0.87
"89","CDKN3","TTK","9606.ENSP00000335357","9606.ENSP00000358813",0,0,0,0,0.788,0.071,0,0,0.795
"90","CENPA","TTK","9606.ENSP00000336868","9606.ENSP00000358813",0,0,0,0,0.733,0,0,0,0.733
"91","CEP55","TTK","9606.ENSP00000360540","9606.ENSP00000358813",0,0,0,0,0.846,0,0,0,0.846
"92","CIDEA","SERPINA12","9606.ENSP00000320209","9606.ENSP00000342109",0,0,0,0,0.055,0.428,0,0,0.436
"93","CKAP2L","TTK","9606.ENSP00000305204","9606.ENSP00000358813",0,0,0,0,0.426,0,0,0,0.426
"94","CKM","NEB","9606.ENSP00000221476","9606.ENSP00000484342",0,0,0,0,0.495,0,0,0,0.495
"95","CKS2","TTK","9606.ENSP00000364976","9606.ENSP00000358813",0,0,0,0,0.402,0.079,0,0,0.426
"96","CLC","RNASE2","9606.ENSP00000221804","9606.ENSP00000303276",0,0,0,0,0.448,0,0,0,0.448
"97","CLC","IGLL5","9606.ENSP00000221804","9606.ENSP00000431254",0,0,0,0,0.109,0.9,0,0,0.907
"98","CLEC17A","IGFBP5","9606.ENSP00000393719","9606.ENSP00000233813",0,0,0,0,0,0.488,0,0,0.487
"99","COL2A1","SDC1","9606.ENSP00000369889","9606.ENSP00000370542",0,0,0,0,0,0,0.65,0,0.65
"100","COL9A3","MMP3","9606.ENSP00000496793","9606.ENSP00000299855",0,0,0,0,0.074,0.05,0.4,0,0.426
"101","COL9A3","SDC1","9606.ENSP00000496793","9606.ENSP00000370542",0,0,0,0,0.042,0,0.65,0,0.65
"102","COL9A3","SPP1","9606.ENSP00000496793","9606.ENSP00000378517",0,0,0,0,0.064,0,0.4,0,0.414
"103","CR2","MS4A1","9606.ENSP00000356024","9606.ENSP00000433277",0,0,0,0,0.561,0,0,0,0.561
"104","CSF2","IGLL5","9606.ENSP00000296871","9606.ENSP00000431254",0,0,0,0,0,0.9,0,0,0.9
"105","CSPG4","SDC1","9606.ENSP00000312506","9606.ENSP00000370542",0,0,0,0,0.08,0,0.5,0,0.52
"106","CSRP3","NEB","9606.ENSP00000431813","9606.ENSP00000484342",0,0,0,0,0.421,0,0,0,0.421
"107","CXCL1","IGLL5","9606.ENSP00000379110","9606.ENSP00000431254",0,0,0,0,0,0.439,0,0,0.439
"108","CXCL11","TNFAIP6","9606.ENSP00000306884","9606.ENSP00000243347",0,0,0,0,0.142,0.622,0,0,0.661
"109","CXCL3","IGLL5","9606.ENSP00000296026","9606.ENSP00000431254",0,0,0,0,0,0.439,0,0,0.439
"110","CXCL8","TNFAIP6","9606.ENSP00000306512","9606.ENSP00000243347",0,0,0,0,0.229,0.405,0,0,0.522
"111","CYTIP","HBB","9606.ENSP00000264192","9606.ENSP00000494175",0,0,0,0,0.083,0.42,0,0,0.445
"112","DBN1","LMNB1","9606.ENSP00000377195","9606.ENSP00000261366",0,0,0,0,0.061,0,0.4,0,0.413
"113","DBN1","GSN","9606.ENSP00000377195","9606.ENSP00000362924",0,0,0,0,0.042,0.687,0,0,0.687
"114","DBN1","TFRC","9606.ENSP00000377195","9606.ENSP00000376197",0,0,0,0,0.046,0,0.4,0,0.403
"115","DEPDC1","TTK","9606.ENSP00000412292","9606.ENSP00000358813",0,0,0,0,0.806,0,0,0,0.806
"116","DEPDC1B","TFRC","9606.ENSP00000265036","9606.ENSP00000376197",0,0,0,0,0.13,0,0.4,0,0.456
"117","DEPDC1B","TTK","9606.ENSP00000265036","9606.ENSP00000358813",0,0,0,0,0.609,0,0,0,0.609
"118","DERL3","SEL1L3","9606.ENSP00000384744","9606.ENSP00000382767",0,0,0,0,0.121,0.581,0,0,0.616
"119","DLGAP5","TTK","9606.ENSP00000247191","9606.ENSP00000358813",0,0,0,0,0.947,0,0,0,0.947
"120","DSC1","PI3","9606.ENSP00000257198","9606.ENSP00000243924",0,0,0,0,0.055,0,0.5,0,0.507
"121","DSC1","DSG3","9606.ENSP00000257198","9606.ENSP00000257189",0,0,0,0.702,0.111,0,0.5,0,0.536
"122","DSC1","DSG1","9606.ENSP00000257198","9606.ENSP00000257192",0,0,0,0.645,0.353,0.625,0.5,0,0.868
"123","DSC1","DSC3","9606.ENSP00000257198","9606.ENSP00000353608",0,0,0,0.943,0.108,0,0.5,0,0.534
"124","DSC1","KRT2","9606.ENSP00000257198","9606.ENSP00000310861",0,0,0,0,0.478,0.071,0,0,0.494
"125","DSC1","FLG2","9606.ENSP00000257198","9606.ENSP00000373370",0,0,0,0,0.384,0.245,0,0,0.516
"126","DSC1","EVPL","9606.ENSP00000257198","9606.ENSP00000465630",0,0,0,0,0.076,0.045,0.5,0,0.52
"127","DSC1","FLG","9606.ENSP00000257198","9606.ENSP00000357789",0,0,0,0,0.248,0.046,0.5,0,0.609
"128","DSC1","PPL","9606.ENSP00000257198","9606.ENSP00000340510",0,0,0,0,0.076,0.045,0.5,0,0.52
"129","DSC3","DSG1","9606.ENSP00000353608","9606.ENSP00000257192",0,0,0,0.669,0.251,0,0.5,0,0.609
"130","DSG1","PI3","9606.ENSP00000257192","9606.ENSP00000243924",0,0,0,0,0.062,0,0.5,0,0.51
"131","DSG1","DSG3","9606.ENSP00000257192","9606.ENSP00000257189",0,0,0,0.898,0.156,0,0.5,0,0.559
"132","DSG1","FLG2","9606.ENSP00000257192","9606.ENSP00000373370",0,0,0,0,0.249,0.243,0,0,0.408
"133","DSG1","EVPL","9606.ENSP00000257192","9606.ENSP00000465630",0,0,0,0,0.065,0.045,0.5,0,0.514
"134","DSG1","PPL","9606.ENSP00000257192","9606.ENSP00000340510",0,0,0,0,0.068,0.045,0.5,0,0.516
"135","DSG1","FLG","9606.ENSP00000257192","9606.ENSP00000357789",0,0,0,0,0.263,0.246,0.5,0,0.698
"136","DTL","TTK","9606.ENSP00000355958","9606.ENSP00000358813",0,0,0,0,0.761,0,0,0,0.761
"137","E2F7","TTK","9606.ENSP00000323246","9606.ENSP00000358813",0,0,0,0,0.478,0,0,0,0.478
"138","E2F8","TTK","9606.ENSP00000250024","9606.ENSP00000358813",0,0,0,0,0.661,0,0,0,0.661
"139","ELANE","GZMB","9606.ENSP00000466090","9606.ENSP00000216341",0,0,0,0.804,0.06,0.601,0,0,0.608
"140","ELANE","MMP7","9606.ENSP00000466090","9606.ENSP00000260227",0,0,0,0,0.055,0,0.4,0,0.408
"141","ELANE","RNASE3","9606.ENSP00000466090","9606.ENSP00000302324",0,0,0,0,0.778,0,0,0,0.778
"142","ELANE","RNASE2","9606.ENSP00000466090","9606.ENSP00000303276",0,0,0,0,0.434,0,0,0,0.434
"143","ELANE","MMP1","9606.ENSP00000466090","9606.ENSP00000322788",0,0,0,0,0.055,0,0.4,0,0.408
"144","EPS8L2","GSN","9606.ENSP00000435585","9606.ENSP00000362924",0,0,0,0,0.042,0,0.8,0,0.8
"145","ERCC6L","TTK","9606.ENSP00000334675","9606.ENSP00000358813",0,0,0,0,0.696,0.067,0,0,0.704
"146","ESCO2","TTK","9606.ENSP00000306999","9606.ENSP00000358813",0,0,0,0,0.648,0,0,0,0.648
"147","EXO1","TTK","9606.ENSP00000355506","9606.ENSP00000358813",0,0,0,0,0.833,0,0,0,0.833
"148","FCGR1A","FCGR2A","9606.ENSP00000358165","9606.ENSP00000271450",0,0,0,0.801,0.238,0,0.4,0,0.523
"149","FCGR1A","FCGR3A","9606.ENSP00000358165","9606.ENSP00000356946",0,0,0,0.772,0.378,0.393,0.4,0,0.753
"150","FCGR2A","FPR1","9606.ENSP00000271450","9606.ENSP00000471493",0,0,0,0,0.452,0,0,0,0.452
"151","FCGR2A","FCGR3A","9606.ENSP00000271450","9606.ENSP00000356946",0,0,0,0.834,0.301,0,0.4,0,0.562
"152","FCGR3A","TLR2","9606.ENSP00000356946","9606.ENSP00000260010",0,0,0,0,0.433,0,0,0,0.433
"153","FCGR3A","SIRPG","9606.ENSP00000356946","9606.ENSP00000305529",0,0,0,0,0.163,0.41,0,0,0.485
"154","FCGR3A","TLR8","9606.ENSP00000356946","9606.ENSP00000312082",0,0,0,0,0.42,0,0,0,0.42
"155","FCGR3A","SIRPD","9606.ENSP00000356946","9606.ENSP00000371036",0,0,0,0,0.178,0.41,0,0,0.494
"156","FCGR3A","FPR1","9606.ENSP00000356946","9606.ENSP00000471493",0,0,0,0,0.415,0,0,0,0.415
"157","FCGR3A","GK","9606.ENSP00000356946","9606.ENSP00000401720",0,0,0,0,0,0.619,0,0,0.619
"158","FCN1","S100A8","9606.ENSP00000360871","9606.ENSP00000357721",0,0,0,0,0.42,0,0,0,0.42
"159","FCN1","S100A9","9606.ENSP00000360871","9606.ENSP00000357727",0,0,0,0,0.464,0.233,0,0,0.572
"160","FLG","FLG2","9606.ENSP00000357789","9606.ENSP00000373370",0,0,0,0.556,0.689,0.238,0,0,0.753
"161","FLG2","KRT2","9606.ENSP00000373370","9606.ENSP00000310861",0,0,0,0,0.529,0.099,0,0,0.558
"162","FLG2","SERPINA12","9606.ENSP00000373370","9606.ENSP00000342109",0,0,0,0,0.711,0,0,0,0.711
"163","FLG2","KRT77","9606.ENSP00000373370","9606.ENSP00000342710",0,0,0,0,0.431,0.099,0,0,0.466
"164","FLG2","KPRP","9606.ENSP00000373370","9606.ENSP00000475216",0,0,0,0,0.208,0.299,0,0,0.422
"165","FPR1","S100A8","9606.ENSP00000471493","9606.ENSP00000357721",0,0,0,0,0.401,0.045,0,0,0.404
"166","FPR1","S100A9","9606.ENSP00000471493","9606.ENSP00000357727",0,0,0,0,0.459,0.045,0,0,0.461
"167","GPR183","IGLL5","9606.ENSP00000365596","9606.ENSP00000431254",0,0,0,0,0.117,0.602,0,0,0.633
"168","GSN","LYZ","9606.ENSP00000362924","9606.ENSP00000261267",0,0,0,0,0.098,0,0.4,0,0.435
"169","GSN","PLEKHG6","9606.ENSP00000362924","9606.ENSP00000380185",0,0,0,0,0.047,0.456,0,0,0.459
"170","GZMB","LMNB1","9606.ENSP00000216341","9606.ENSP00000261366",0,0,0,0,0.043,0.046,0.9,0,0.9
"171","H4C6","LMNB1","9606.ENSP00000244537","9606.ENSP00000261366",0,0,0,0,0.064,0.422,0,0,0.435
"172","HAMP","IGLL5","9606.ENSP00000471894","9606.ENSP00000431254",0,0,0,0,0,0.967,0,0,0.967
"173","HBA1","HBB","9606.ENSP00000322421","9606.ENSP00000494175",0,0,0,0.897,0.999,0.973,0.72,0,0.999
"174","HBA2","HBB","9606.ENSP00000251595","9606.ENSP00000494175",0,0,0,0.897,0.686,0.998,0.9,0,0.999
"175","HBB","HBQ1","9606.ENSP00000494175","9606.ENSP00000199708",0,0,0,0.863,0.257,0.774,0.54,0,0.916
"176","HBB","HBM","9606.ENSP00000494175","9606.ENSP00000349270",0,0,0,0.84,0.399,0.761,0.54,0,0.928
"177","HJURP","TTK","9606.ENSP00000414109","9606.ENSP00000358813",0,0,0,0,0.801,0,0,0,0.801
"178","HMMR","TTK","9606.ENSP00000377492","9606.ENSP00000358813",0,0,0,0,0.798,0.099,0,0,0.81
"179","HS6ST3","SDC1","9606.ENSP00000365895","9606.ENSP00000370542",0,0,0,0,0,0,0.4,0,0.4
"180","IGF2","IGFBP5","9606.ENSP00000391826","9606.ENSP00000233813",0,0,0,0,0.192,0.421,0.5,0,0.745
"181","IGF2","IGFBP6","9606.ENSP00000391826","9606.ENSP00000301464",0,0,0,0,0.126,0.421,0.7,0,0.834
"182","IGF2","MMP1","9606.ENSP00000391826","9606.ENSP00000322788",0,0,0,0,0.117,0,0.4,0,0.447
"183","IGF2","IGLL5","9606.ENSP00000391826","9606.ENSP00000431254",0,0,0,0,0,0.602,0,0,0.602
"184","IGFBP5","IGFBP6","9606.ENSP00000233813","9606.ENSP00000301464",0,0,0,0.839,0.067,0,0.54,0,0.552
"185","IGLL5","TNFRSF17","9606.ENSP00000431254","9606.ENSP00000053243",0,0,0,0,0.143,0.602,0,0,0.644
"186","IGLL5","IL2","9606.ENSP00000431254","9606.ENSP00000226730",0,0,0,0,0.051,0.9,0,0,0.901
"187","IGLL5","TNFRSF13C","9606.ENSP00000431254","9606.ENSP00000291232",0,0,0,0,0.133,0.602,0,0,0.64
"188","IGLL5","MAPT","9606.ENSP00000431254","9606.ENSP00000340820",0,0,0,0,0,0.967,0,0,0.967
"189","IGLL5","KCNA3","9606.ENSP00000431254","9606.ENSP00000358784",0,0,0,0,0.099,0.8,0,0,0.812
"190","IGLL5","TNFSF13B","9606.ENSP00000431254","9606.ENSP00000365048",0,0,0,0,0.08,0.9,0,0,0.904
"191","IGLL5","IL6","9606.ENSP00000431254","9606.ENSP00000385675",0,0,0,0,0,0.9,0,0,0.9
"192","IGLL5","MS4A1","9606.ENSP00000431254","9606.ENSP00000433277",0,0,0,0,0.337,0.602,0,0,0.724
"193","IL10","LBP","9606.ENSP00000412237","9606.ENSP00000217407",0,0,0,0,0,0,0.4,0,0.4
"194","IL10","MMP3","9606.ENSP00000412237","9606.ENSP00000299855",0,0,0,0,0,0,0.4,0,0.4
"195","IL10","MMP1","9606.ENSP00000412237","9606.ENSP00000322788",0,0,0,0,0.054,0,0.4,0,0.408
"196","IL6","LBP","9606.ENSP00000385675","9606.ENSP00000217407",0,0,0,0,0.1,0,0.4,0,0.437
"197","IL6","MMP3","9606.ENSP00000385675","9606.ENSP00000299855",0,0,0,0,0.16,0,0.4,0,0.475
"198","IL6","MMP1","9606.ENSP00000385675","9606.ENSP00000322788",0,0,0,0,0.169,0,0.4,0,0.48
"199","IL7R","TFRC","9606.ENSP00000306157","9606.ENSP00000376197",0,0,0,0,0,0,0.4,0,0.4
"200","ITGA4","LAMA5","9606.ENSP00000380227","9606.ENSP00000252999",0,0,0,0,0.054,0.1,0.65,0,0.676
"201","ITGA4","SPP1","9606.ENSP00000380227","9606.ENSP00000378517",0,0,0,0,0.068,0,0.9,0,0.902
"202","ITGA4","TNXB","9606.ENSP00000380227","9606.ENSP00000407685",0,0,0,0,0,0,0.65,0,0.65
"203","ITGB6","LAMA5","9606.ENSP00000283249","9606.ENSP00000252999",0,0,0,0,0.062,0.07,0.65,0,0.668
"204","ITGB6","SPP1","9606.ENSP00000283249","9606.ENSP00000378517",0,0,0,0,0.042,0,0.65,0,0.65
"205","ITGB6","TNXB","9606.ENSP00000283249","9606.ENSP00000407685",0,0,0,0,0.055,0,0.9,0,0.901
"206","KCNIP3","SOD3","9606.ENSP00000295225","9606.ENSP00000371554",0,0,0,0,0.086,0.471,0,0,0.496
"207","KIF15","TTK","9606.ENSP00000324020","9606.ENSP00000358813",0,0,0,0,0.896,0,0,0,0.896
"208","KIF18A","TTK","9606.ENSP00000263181","9606.ENSP00000358813",0,0,0,0,0.88,0,0,0,0.88
"209","KIF20A","LMNB1","9606.ENSP00000378356","9606.ENSP00000261366",0,0,0,0,0.365,0.292,0,0,0.531
"210","KIF20A","TTK","9606.ENSP00000378356","9606.ENSP00000358813",0,0,0,0,0.846,0,0,0,0.846
"211","KIF2C","TTK","9606.ENSP00000361298","9606.ENSP00000358813",0,0,0,0,0.904,0,0,0,0.904
"212","KIF4A","TTK","9606.ENSP00000363524","9606.ENSP00000358813",0,0,0,0,0.856,0,0,0,0.856
"213","KRT1","KRT5","9606.ENSP00000252244","9606.ENSP00000252242",0,0,0,0.962,0.095,0.79,0.4,0,0.876
"214","KRT1","KRT78","9606.ENSP00000252244","9606.ENSP00000306261",0,0,0,0.93,0.086,0,0.4,0,0.428
"215","KRT1","KRT73","9606.ENSP00000252244","9606.ENSP00000307014",0,0,0,0.949,0.117,0.045,0.4,0,0.449
"216","KRT1","SLC4A1","9606.ENSP00000252244","9606.ENSP00000262418",0,0,0,0,0.417,0,0,0,0.417
"217","KRT1","KRT15","9606.ENSP00000252244","9606.ENSP00000377546",0,0,0,0.802,0.076,0.433,0,0,0.454
"218","KRT1","KRT6A","9606.ENSP00000252244","9606.ENSP00000369317",0,0,0,0.961,0.092,0,0.4,0,0.432
"219","KRT1","KRT77","9606.ENSP00000252244","9606.ENSP00000342710",0,0,0,0.962,0.138,0.762,0.4,0,0.866
"220","KRT1","KRT2","9606.ENSP00000252244","9606.ENSP00000310861",0,0,0,0.964,0.336,0.835,0.4,0,0.928
"221","KRT15","KRT2","9606.ENSP00000377546","9606.ENSP00000310861",0,0,0,0.784,0.113,0.433,0,0,0.475
"222","KRT2","KRT5","9606.ENSP00000310861","9606.ENSP00000252242",0,0,0,0.957,0.067,0.778,0.4,0,0.864
"223","KRT2","KRT78","9606.ENSP00000310861","9606.ENSP00000306261",0,0,0,0.92,0.145,0,0.4,0,0.465
"224","KRT2","KRT73","9606.ENSP00000310861","9606.ENSP00000307014",0,0,0,0.946,0.235,0.045,0.4,0,0.523
"225","KRT2","KRT6A","9606.ENSP00000310861","9606.ENSP00000369317",0,0,0,0.958,0.067,0,0.4,0,0.416
"226","KRT2","SERPINA12","9606.ENSP00000310861","9606.ENSP00000342109",0,0,0,0,0.509,0.041,0,0,0.509
"227","KRT2","KRT77","9606.ENSP00000310861","9606.ENSP00000342710",0,0,0,0.956,0.393,0.722,0.4,0,0.889
"228","KRT5","KRT77","9606.ENSP00000252242","9606.ENSP00000342710",0,0,0,0.951,0.076,0,0.4,0,0.421
"229","KRT6A","KRT77","9606.ENSP00000369317","9606.ENSP00000342710",0,0,0,0.95,0.08,0,0.4,0,0.424
"230","KRT73","KRT77","9606.ENSP00000307014","9606.ENSP00000342710",0,0,0,0.947,0.066,0.045,0.4,0,0.418
"231","KRT77","KRT78","9606.ENSP00000342710","9606.ENSP00000306261",0,0,0,0.919,0.098,0,0.4,0,0.435
"232","KRT77","SERPINA12","9606.ENSP00000342710","9606.ENSP00000342109",0,0,0,0,0.625,0.041,0,0,0.625
"233","LAMA5","LAMC3","9606.ENSP00000252999","9606.ENSP00000354360",0,0,0,0.642,0.268,0.31,0.4,0,0.67
"234","LBP","OSM","9606.ENSP00000217407","9606.ENSP00000215781",0,0,0,0,0,0,0.4,0,0.4
"235","LBP","MMP1","9606.ENSP00000217407","9606.ENSP00000322788",0,0,0,0,0.044,0,0.4,0,0.401
"236","LBP","MMP3","9606.ENSP00000217407","9606.ENSP00000299855",0,0,0,0,0.048,0,0.4,0,0.404
"237","LCP1","PTPRC","9606.ENSP00000381581","9606.ENSP00000411355",0,0,0,0,0.447,0,0,0,0.447
"238","LMNB1","MKI67","9606.ENSP00000261366","9606.ENSP00000357643",0,0,0,0,0.415,0,0,0,0.415
"239","LMNB1","TOP2A","9606.ENSP00000261366","9606.ENSP00000411532",0,0,0,0,0.424,0,0,0,0.424
"240","LMNB1","MELK","9606.ENSP00000261366","9606.ENSP00000298048",0,0,0,0,0.288,0.306,0,0,0.484
"241","LRRC4B","PTPRF","9606.ENSP00000498662","9606.ENSP00000353030",0,0,0,0,0,0.113,0.9,0,0.907
"242","LRRC4B","PTPRS","9606.ENSP00000498662","9606.ENSP00000467537",0,0,0,0,0.084,0.113,0.5,0,0.558
"243","MELK","TTK","9606.ENSP00000298048","9606.ENSP00000358813",0,0,0,0.574,0.911,0,0,0,0.911
"244","MKI67","TTK","9606.ENSP00000357643","9606.ENSP00000358813",0,0,0,0,0.795,0,0,0,0.795
"245","MMP1","OSM","9606.ENSP00000322788","9606.ENSP00000215781",0,0,0,0,0.056,0,0.4,0,0.409
"246","MMP1","MMP7","9606.ENSP00000322788","9606.ENSP00000260227",0,0,0,0.916,0.149,0,0.5,0,0.556
"247","MMP1","MMP13","9606.ENSP00000322788","9606.ENSP00000260302",0,0,0,0.933,0.28,0,0.5,0,0.625
"248","MMP1","MMP10","9606.ENSP00000322788","9606.ENSP00000279441",0,0,0,0.946,0.562,0,0.5,0,0.772
"249","MMP1","MMP3","9606.ENSP00000322788","9606.ENSP00000299855",0,0,0,0.951,0.657,0,0.9,0,0.964
"250","MMP10","MMP3","9606.ENSP00000279441","9606.ENSP00000299855",0,0,0,0.98,0.393,0.818,0.5,0,0.939
"251","MMP12","MMP3","9606.ENSP00000458585","9606.ENSP00000299855",0,0,0,0.945,0.33,0,0.4,0,0.58
"252","MMP13","MMP3","9606.ENSP00000260302","9606.ENSP00000299855",0,0,0,0.943,0.206,0,0.4,0,0.503
"253","MMP3","OSM","9606.ENSP00000299855","9606.ENSP00000215781",0,0,0,0,0.047,0,0.4,0,0.403
"254","MMP3","MMP7","9606.ENSP00000299855","9606.ENSP00000260227",0,0,0,0.925,0.132,0,0.4,0,0.457
"255","MMP3","PTPRS","9606.ENSP00000299855","9606.ENSP00000467537",0,0,0,0,0.067,0.422,0,0,0.437
"256","MMP3","SPP1","9606.ENSP00000299855","9606.ENSP00000378517",0,0,0,0,0.07,0,0.75,0,0.757
"257","MMP7","SPP1","9606.ENSP00000260227","9606.ENSP00000378517",0,0,0,0,0.149,0,0.75,0,0.778
"258","MND1","TTK","9606.ENSP00000240488","9606.ENSP00000358813",0,0,0,0,0.652,0,0,0,0.652
"259","MYH7","NEB","9606.ENSP00000347507","9606.ENSP00000484342",0,0,0,0,0.502,0.07,0,0,0.517
"260","MYL2","NEB","9606.ENSP00000228841","9606.ENSP00000484342",0,0,0,0,0.502,0,0.5,0,0.74
"261","MYLPF","NEB","9606.ENSP00000325239","9606.ENSP00000484342",0,0,0,0,0.546,0,0,0,0.546
"262","NCAPG","TTK","9606.ENSP00000251496","9606.ENSP00000358813",0,0,0,0,0.923,0,0,0,0.923
"263","NDC80","TTK","9606.ENSP00000261597","9606.ENSP00000358813",0,0,0,0,0.948,0.663,0,0,0.981
"264","NEB","TNNT3","9606.ENSP00000484342","9606.ENSP00000370975",0,0,0,0,0.463,0.085,0.5,0,0.733
"265","NEB","TNNT1","9606.ENSP00000484342","9606.ENSP00000467176",0,0,0,0,0.195,0.085,0.5,0,0.599
"266","NEB","TPM2","9606.ENSP00000484342","9606.ENSP00000496494",0,0,0,0,0.086,0.292,0.5,0,0.648
"267","NEIL3","TTK","9606.ENSP00000264596","9606.ENSP00000358813",0,0,0,0,0.606,0,0,0,0.606
"268","NEK2","TTK","9606.ENSP00000355966","9606.ENSP00000358813",0,0,0,0.597,0.8,0,0,0,0.8
"269","NUSAP1","TTK","9606.ENSP00000499238","9606.ENSP00000358813",0,0,0,0,0.856,0,0,0,0.856
"270","OIP5","TTK","9606.ENSP00000220514","9606.ENSP00000358813",0,0,0,0,0.661,0,0,0,0.661
"271","PBK","TTK","9606.ENSP00000428489","9606.ENSP00000358813",0,0,0,0,0.903,0,0,0,0.903
"272","PF4","TNFAIP6","9606.ENSP00000296029","9606.ENSP00000243347",0,0,0,0,0.062,0.405,0,0,0.418
"273","PLEKHG4","TFRC","9606.ENSP00000353646","9606.ENSP00000376197",0,0,0,0,0.044,0,0.4,0,0.401
"274","RBP4","STRA6","9606.ENSP00000360522","9606.ENSP00000456609",0,0,0,0,0,0,0.8,0,0.8
"275","RHOH","TFRC","9606.ENSP00000371219","9606.ENSP00000376197",0,0,0,0,0.043,0.125,0.5,0,0.544
"276","RNASE2","RNASE3","9606.ENSP00000303276","9606.ENSP00000302324",0,0,0,0.967,0.972,0,0,0,0.972
"277","RRM2","TTK","9606.ENSP00000353770","9606.ENSP00000358813",0,0,0,0,0.689,0,0,0,0.689
"278","S100A8","TLR2","9606.ENSP00000357721","9606.ENSP00000260010",0,0,0,0,0.345,0.093,0.5,0,0.677
"279","S100A8","TLR8","9606.ENSP00000357721","9606.ENSP00000312082",0,0,0,0,0.402,0.093,0,0,0.434
"280","S100A8","TLR1","9606.ENSP00000357721","9606.ENSP00000354932",0,0,0,0,0.197,0.093,0.5,0,0.604
"281","S100A8","S100A9","9606.ENSP00000357721","9606.ENSP00000357727",0,0,0,0.794,0.999,0.977,0.9,0,0.999
"282","S100A9","TLR2","9606.ENSP00000357727","9606.ENSP00000260010",0,0,0,0,0.371,0.093,0.5,0,0.689
"283","S100A9","TLR8","9606.ENSP00000357727","9606.ENSP00000312082",0,0,0,0,0.442,0.093,0,0,0.472
"284","S100A9","TLR1","9606.ENSP00000357727","9606.ENSP00000354932",0,0,0,0,0.252,0.093,0.5,0,0.631
"285","SDC1","TNXB","9606.ENSP00000370542","9606.ENSP00000407685",0,0,0,0,0.042,0,0.9,0,0.9
"286","SHCBP1","TTK","9606.ENSP00000306473","9606.ENSP00000358813",0,0,0,0,0.651,0,0,0,0.651
"287","SKA3","TTK","9606.ENSP00000319417","9606.ENSP00000358813",0,0,0,0,0.802,0,0,0,0.802
"288","SPC25","TTK","9606.ENSP00000282074","9606.ENSP00000358813",0,0,0,0,0.726,0.325,0,0,0.807
"289","TACC2","TTK","9606.ENSP00000358001","9606.ENSP00000358813",0,0,0,0,0.307,0.292,0,0,0.488
"290","TFRC","TPD52","9606.ENSP00000376197","9606.ENSP00000429309",0,0,0,0,0.047,0,0.5,0,0.503
"291","TOP2A","TTK","9606.ENSP00000411532","9606.ENSP00000358813",0,0,0,0,0.858,0,0,0,0.858
"292","TTK","UBE2T","9606.ENSP00000358813","9606.ENSP00000494957",0,0,0,0,0.453,0,0,0,0.453
